{
  "fps": 30.0,
  "num_frames": 1669,
  "torso_lean_deg": {
    "min": -114.75693238394483,
    "max": -14.545213452588024
  },
  "left_elbow_angle_deg": {
    "min": 1.1896880537261088,
    "max": 77.79555529021333
  },
  "right_elbow_angle_deg": {
    "min": 0.008367868790635247,
    "max": 176.70354341743962
  }
}