{
  "fps": 23.976023976023978,
  "num_frames": 1157,
  "pose_detected_ratio": 0.888504753673293,
  "mean_visibility_detected": 0.8846758362424298,
  "dominant_side": "left",
  "torso_scale_px_median": 77.56066486208084,
  "hip_sway_norm": 0.2657155120184049,
  "missing_by_joint": {
    "nose": 0.111495246326707,
    "left_shoulder": 0.111495246326707,
    "right_shoulder": 0.111495246326707,
    "left_elbow": 0.111495246326707,
    "right_elbow": 0.31892826274848746,
    "left_wrist": 0.18582541054451165,
    "right_wrist": 0.3526361279170268,
    "left_hip": 0.111495246326707,
    "right_hip": 0.111495246326707,
    "left_knee": 0.111495246326707,
    "right_knee": 0.2999135695764909,
    "left_ankle": 0.12878133102852204,
    "right_ankle": 0.3267070008643042
  },
  "metrics": {
    "torso_lean_deg": {
      "min": -42.50879744944777,
      "max": 1.4708824694226457,
      "mean": -11.498445475690168,
      "std": 14.283650396285974,
      "range": 43.97967991887042
    },
    "right_elbow_angle_deg": {
      "min": 0.12107902599910876,
      "max": 179.7541567236807,
      "mean": 65.23544468067075,
      "std": 66.55797661132124,
      "range": 179.63307769768159
    },
    "left_elbow_angle_deg": {
      "min": 6.48096051297018,
      "max": 179.65172195310882,
      "mean": 117.8431232283979,
      "std": 29.890567473350544,
      "range": 173.17076144013865
    },
    "right_knee_angle_deg": {
      "min": 75.5990243710639,
      "max": 179.96538547867718,
      "mean": 162.52773217408253,
      "std": 27.949602909638262,
      "range": 104.36636110761327
    },
    "left_knee_angle_deg": {
      "min": 34.32641671461102,
      "max": 179.9922148726901,
      "mean": 154.15384926524504,
      "std": 35.22312049294985,
      "range": 145.6657981580791
    },
    "right_wrist_speed_norm": {
      "min": 0.0009793038358991378,
      "max": 8.18783684576243,
      "mean": 0.5614172697097934,
      "std": 0.9172955240251528,
      "range": 8.18685754192653
    },
    "left_wrist_speed_norm": {
      "min": 0.00043594206823435554,
      "max": 9.97813784052725,
      "mean": 0.6928981271022769,
      "std": 1.2496735882670555,
      "range": 9.977701898459015
    }
  },
  "events": {
    "frame_peak_right_wrist_speed": 704,
    "frame_peak_left_wrist_speed": 635
  }
}