{
  "fps": 25.0,
  "num_frames": 708,
  "pose_detected_ratio": 1.0,
  "mean_visibility_detected": 0.6832038226664598,
  "dominant_side": "right",
  "torso_scale_px_median": 709.4473421006755,
  "hip_sway_norm": 0.043482403473593494,
  "missing_by_joint": {
    "nose": 0.0,
    "left_shoulder": 0.0,
    "right_shoulder": 0.0,
    "left_elbow": 0.0,
    "right_elbow": 0.0,
    "left_wrist": 0.0,
    "right_wrist": 0.0,
    "left_hip": 0.0,
    "right_hip": 0.0,
    "left_knee": 1.0,
    "right_knee": 1.0,
    "left_ankle": 1.0,
    "right_ankle": 1.0
  },
  "metrics": {
    "torso_lean_deg": {
      "min": -1.4015266501496273,
      "max": 4.093101283025564,
      "mean": 1.4616475247932397,
      "std": 1.5395365539085557,
      "range": 5.494627933175191
    },
    "right_elbow_angle_deg": {
      "min": 72.88892529005173,
      "max": 82.72977488552752,
      "mean": 78.30614811651459,
      "std": 2.6634432663047343,
      "range": 9.840849595475788
    },
    "left_elbow_angle_deg": {
      "min": 70.56466627881359,
      "max": 86.29906905820563,
      "mean": 76.64684419520361,
      "std": 2.9875835868850555,
      "range": 15.734402779392042
    },
    "right_knee_angle_deg": null,
    "left_knee_angle_deg": null,
    "right_wrist_speed_norm": {
      "min": 0.0031374890209607455,
      "max": 0.7229012709564532,
      "mean": 0.2373725773412112,
      "std": 0.16108930182552048,
      "range": 0.7197637819354924
    },
    "left_wrist_speed_norm": {
      "min": 0.002715883103516877,
      "max": 0.8575265432010231,
      "mean": 0.2490126951600601,
      "std": 0.176348927050646,
      "range": 0.8548106600975062
    }
  },
  "events": {
    "frame_peak_right_wrist_speed": 621,
    "frame_peak_left_wrist_speed": 90
  }
}